date,year,month,day,od_pair,market_country,dest_country,latent_seats,observed_seats,em_unconstrained,pd_unconstrained,total_capacity,n_flights,censored_flights,any_flight_full
2015-01-01,2015,1,1,JP→US,JP,US,726.0,723.0,723.0,723.0,792,2,1,1
2015-01-01,2015,1,1,KR→US,KR,US,399.0,382.0,382.0,382.0,396,1,1,1
2015-01-02,2015,1,2,JP→US,JP,US,868.0,778.0,778.0,778.0,792,2,2,1
2015-01-02,2015,1,2,KR→US,KR,US,375.0,374.0,374.0,374.0,396,1,1,1
2015-01-03,2015,1,3,JP→US,JP,US,660.0,656.0,656.0,656.0,792,2,2,1
2015-01-03,2015,1,3,KR→US,KR,US,338.0,338.0,338.0,338.0,396,1,0,0
2015-01-04,2015,1,4,JP→US,JP,US,666.0,662.0,662.0,662.0,792,2,1,1
2015-01-04,2015,1,4,KR→US,KR,US,381.0,371.0,371.0,371.0,396,1,1,1
2015-01-05,2015,1,5,JP→US,JP,US,755.0,740.0,740.0,740.0,792,2,1,1
2015-01-05,2015,1,5,KR→US,KR,US,438.0,390.0,390.0,390.0,396,1,1,1
2015-01-06,2015,1,6,JP→US,JP,US,613.0,613.0,613.0,613.0,792,2,0,0
2015-01-06,2015,1,6,KR→US,KR,US,300.0,300.0,300.0,300.0,396,1,0,0
2015-01-07,2015,1,7,JP→US,JP,US,770.0,756.0,756.0,756.0,792,2,1,1
2015-01-07,2015,1,7,KR→US,KR,US,322.0,322.0,322.0,322.0,396,1,0,0
2015-01-08,2015,1,8,JP→US,JP,US,791.0,772.0,772.0,772.0,792,2,2,1
2015-01-08,2015,1,8,KR→US,KR,US,353.0,350.0,350.0,350.0,396,1,1,1
2015-01-09,2015,1,9,JP→US,JP,US,810.0,779.0,779.0,779.0,792,2,2,1
2015-01-09,2015,1,9,KR→US,KR,US,428.0,392.0,392.0,392.0,396,1,1,1
2015-01-10,2015,1,10,JP→US,JP,US,755.0,749.0,749.0,749.0,792,2,1,1
2015-01-10,2015,1,10,KR→US,KR,US,325.0,325.0,325.0,325.0,396,1,0,0
2015-01-11,2015,1,11,JP→US,JP,US,843.0,784.0,784.0,784.0,792,2,2,1
2015-01-11,2015,1,11,KR→US,KR,US,432.0,391.0,391.0,391.0,396,1,1,1
2015-01-12,2015,1,12,JP→US,JP,US,691.0,677.0,677.0,677.0,792,2,2,1
2015-01-12,2015,1,12,KR→US,KR,US,347.0,347.0,347.0,347.0,396,1,0,0
2015-01-13,2015,1,13,JP→US,JP,US,555.0,554.0,554.0,554.0,792,2,1,1
2015-01-13,2015,1,13,KR→US,KR,US,305.0,305.0,305.0,305.0,396,1,0,0
2015-01-14,2015,1,14,JP→US,JP,US,675.0,673.0,673.0,673.0,792,2,1,1
2015-01-14,2015,1,14,KR→US,KR,US,372.0,372.0,372.0,372.0,396,1,0,0
2015-01-15,2015,1,15,JP→US,JP,US,700.0,689.0,689.0,689.0,792,2,1,1
2015-01-15,2015,1,15,KR→US,KR,US,380.0,377.0,377.0,377.0,396,1,1,1
2015-01-16,2015,1,16,JP→US,JP,US,873.0,784.0,784.0,784.0,792,2,2,1
2015-01-16,2015,1,16,KR→US,KR,US,391.0,381.0,381.0,381.0,396,1,1,1
2015-01-17,2015,1,17,JP→US,JP,US,685.0,685.0,685.0,685.0,792,2,0,0
2015-01-17,2015,1,17,KR→US,KR,US,338.0,332.0,332.0,332.0,396,1,1,1
2015-01-18,2015,1,18,JP→US,JP,US,875.0,789.0,789.0,789.0,792,2,2,1
2015-01-18,2015,1,18,KR→US,KR,US,367.0,364.0,364.0,364.0,396,1,1,1
2015-01-19,2015,1,19,JP→US,JP,US,762.0,750.0,750.0,750.0,792,2,1,1
2015-01-19,2015,1,19,KR→US,KR,US,369.0,367.0,367.0,367.0,396,1,1,1
2015-01-20,2015,1,20,JP→US,JP,US,703.0,699.0,699.0,699.0,792,2,1,1
2015-01-20,2015,1,20,KR→US,KR,US,262.0,262.0,262.0,262.0,396,1,0,0
2015-01-21,2015,1,21,JP→US,JP,US,758.0,751.0,751.0,751.0,792,2,2,1
2015-01-21,2015,1,21,KR→US,KR,US,289.0,289.0,289.0,289.0,396,1,0,0
2015-01-22,2015,1,22,JP→US,JP,US,724.0,708.0,708.0,708.0,792,2,2,1
2015-01-22,2015,1,22,KR→US,KR,US,394.0,387.0,387.0,387.0,396,1,1,1
2015-01-23,2015,1,23,JP→US,JP,US,820.0,773.0,773.0,773.0,792,2,2,1
2015-01-23,2015,1,23,KR→US,KR,US,413.0,396.0,396.0,396.0,396,1,1,1
2015-01-24,2015,1,24,JP→US,JP,US,579.0,577.0,577.0,577.0,792,2,1,1
2015-01-24,2015,1,24,KR→US,KR,US,301.0,301.0,301.0,301.0,396,1,0,0
2015-01-25,2015,1,25,JP→US,JP,US,750.0,742.0,742.0,742.0,792,2,1,1
2015-01-25,2015,1,25,KR→US,KR,US,313.0,313.0,313.0,313.0,396,1,0,0
2015-01-26,2015,1,26,JP→US,JP,US,712.0,710.0,710.0,710.0,792,2,1,1
2015-01-26,2015,1,26,KR→US,KR,US,343.0,343.0,343.0,343.0,396,1,0,0
2015-01-27,2015,1,27,JP→US,JP,US,596.0,595.0,595.0,595.0,792,2,1,1
2015-01-27,2015,1,27,KR→US,KR,US,319.0,319.0,319.0,319.0,396,1,0,0
2015-01-28,2015,1,28,JP→US,JP,US,754.0,733.0,733.0,733.0,792,2,2,1
2015-01-28,2015,1,28,KR→US,KR,US,368.0,365.0,365.0,365.0,396,1,1,1
2015-01-29,2015,1,29,JP→US,JP,US,545.0,545.0,545.0,545.0,792,2,0,0
2015-01-29,2015,1,29,KR→US,KR,US,378.0,373.0,373.0,373.0,396,1,1,1
2015-01-30,2015,1,30,JP→US,JP,US,845.0,775.0,775.0,775.0,792,2,2,1
2015-01-30,2015,1,30,KR→US,KR,US,397.0,393.0,393.0,393.0,396,1,1,1
2015-01-31,2015,1,31,JP→US,JP,US,607.0,603.0,603.0,603.0,792,2,1,1
2015-01-31,2015,1,31,KR→US,KR,US,337.0,337.0,337.0,337.0,396,1,0,0
2015-02-01,2015,2,1,JP→US,JP,US,679.0,677.0,677.0,677.0,792,2,1,1
2015-02-01,2015,2,1,KR→US,KR,US,384.0,375.0,375.0,375.0,396,1,1,1
2015-02-02,2015,2,2,JP→US,JP,US,621.0,620.0,620.0,620.0,792,2,1,1
2015-02-02,2015,2,2,KR→US,KR,US,391.0,389.0,389.0,389.0,396,1,1,1
2015-02-03,2015,2,3,JP→US,JP,US,607.0,605.0,605.0,605.0,792,2,1,1
2015-02-03,2015,2,3,KR→US,KR,US,318.0,318.0,318.0,318.0,396,1,0,0
2015-02-04,2015,2,4,JP→US,JP,US,686.0,686.0,686.0,686.0,792,2,0,0
2015-02-04,2015,2,4,KR→US,KR,US,300.0,300.0,300.0,300.0,396,1,0,0
2015-02-05,2015,2,5,JP→US,JP,US,694.0,691.0,691.0,691.0,792,2,1,1
2015-02-05,2015,2,5,KR→US,KR,US,341.0,339.0,339.0,339.0,396,1,1,1
2015-02-06,2015,2,6,JP→US,JP,US,737.0,725.0,725.0,725.0,792,2,2,1
2015-02-06,2015,2,6,KR→US,KR,US,475.0,396.0,396.0,396.0,396,1,1,1
2015-02-07,2015,2,7,JP→US,JP,US,651.0,648.0,648.0,648.0,792,2,2,1
2015-02-07,2015,2,7,KR→US,KR,US,324.0,324.0,324.0,324.0,396,1,0,0
2015-02-08,2015,2,8,JP→US,JP,US,696.0,696.0,696.0,696.0,792,2,0,0
2015-02-08,2015,2,8,KR→US,KR,US,353.0,346.0,346.0,346.0,396,1,1,1
2015-02-09,2015,2,9,JP→US,JP,US,694.0,678.0,678.0,678.0,792,2,2,1
2015-02-09,2015,2,9,KR→US,KR,US,372.0,372.0,372.0,372.0,396,1,0,0
2015-02-10,2015,2,10,JP→US,JP,US,611.0,603.0,603.0,603.0,792,2,1,1
2015-02-10,2015,2,10,KR→US,KR,US,251.0,251.0,251.0,251.0,396,1,0,0
2015-02-11,2015,2,11,JP→US,JP,US,559.0,559.0,559.0,559.0,792,2,0,0
2015-02-11,2015,2,11,KR→US,KR,US,266.0,266.0,266.0,266.0,396,1,0,0
2015-02-12,2015,2,12,JP→US,JP,US,715.0,712.0,712.0,712.0,792,2,1,1
2015-02-12,2015,2,12,KR→US,KR,US,317.0,317.0,317.0,317.0,396,1,0,0
2015-02-13,2015,2,13,JP→US,JP,US,724.0,722.0,722.0,722.0,792,2,1,1
2015-02-13,2015,2,13,KR→US,KR,US,362.0,362.0,362.0,362.0,396,1,0,0
2015-02-14,2015,2,14,JP→US,JP,US,630.0,629.0,629.0,629.0,792,2,1,1
2015-02-14,2015,2,14,KR→US,KR,US,308.0,308.0,308.0,308.0,396,1,0,0
2015-02-15,2015,2,15,JP→US,JP,US,625.0,619.0,619.0,619.0,792,2,1,1
2015-02-15,2015,2,15,KR→US,KR,US,351.0,349.0,349.0,349.0,396,1,1,1
2015-02-16,2015,2,16,JP→US,JP,US,635.0,635.0,635.0,635.0,792,2,0,0
2015-02-16,2015,2,16,KR→US,KR,US,380.0,378.0,378.0,378.0,396,1,1,1
2015-02-17,2015,2,17,JP→US,JP,US,583.0,580.0,580.0,580.0,792,2,1,1
2015-02-17,2015,2,17,KR→US,KR,US,307.0,307.0,307.0,307.0,396,1,0,0
2015-02-18,2015,2,18,JP→US,JP,US,645.0,644.0,644.0,644.0,792,2,1,1
2015-02-18,2015,2,18,KR→US,KR,US,337.0,337.0,337.0,337.0,396,1,0,0
2015-02-19,2015,2,19,JP→US,JP,US,650.0,650.0,650.0,650.0,792,2,0,0
2015-02-19,2015,2,19,KR→US,KR,US,323.0,321.0,321.0,321.0,396,1,1,1
2015-02-20,2015,2,20,JP→US,JP,US,736.0,733.0,733.0,733.0,792,2,1,1
2015-02-20,2015,2,20,KR→US,KR,US,350.0,350.0,350.0,350.0,396,1,0,0
2015-02-21,2015,2,21,JP→US,JP,US,465.0,465.0,465.0,465.0,792,2,0,0
2015-02-21,2015,2,21,KR→US,KR,US,323.0,323.0,323.0,323.0,396,1,0,0
2015-02-22,2015,2,22,JP→US,JP,US,631.0,631.0,631.0,631.0,792,2,0,0
2015-02-22,2015,2,22,KR→US,KR,US,374.0,372.0,372.0,372.0,396,1,1,1
2015-02-23,2015,2,23,JP→US,JP,US,677.0,670.0,670.0,670.0,792,2,2,1
2015-02-23,2015,2,23,KR→US,KR,US,324.0,324.0,324.0,324.0,396,1,0,0
2015-02-24,2015,2,24,JP→US,JP,US,625.0,614.0,614.0,614.0,792,2,2,1
2015-02-24,2015,2,24,KR→US,KR,US,236.0,236.0,236.0,236.0,396,1,0,0
2015-02-25,2015,2,25,JP→US,JP,US,557.0,557.0,557.0,557.0,792,2,0,0
2015-02-25,2015,2,25,KR→US,KR,US,347.0,343.0,343.0,343.0,396,1,1,1
2015-02-26,2015,2,26,JP→US,JP,US,605.0,604.0,604.0,604.0,792,2,1,1
2015-02-26,2015,2,26,KR→US,KR,US,344.0,339.0,339.0,339.0,396,1,1,1
2015-02-27,2015,2,27,JP→US,JP,US,739.0,732.0,732.0,732.0,792,2,2,1
2015-02-27,2015,2,27,KR→US,KR,US,438.0,396.0,396.0,396.0,396,1,1,1
2015-02-28,2015,2,28,JP→US,JP,US,682.0,681.0,681.0,681.0,792,2,1,1
2015-02-28,2015,2,28,KR→US,KR,US,326.0,325.0,325.0,325.0,396,1,1,1
2015-03-01,2015,3,1,JP→US,JP,US,810.0,777.0,777.0,777.0,792,2,2,1
2015-03-01,2015,3,1,KR→US,KR,US,289.0,289.0,289.0,289.0,396,1,0,0
2015-03-02,2015,3,2,JP→US,JP,US,604.0,602.0,602.0,602.0,792,2,1,1
2015-03-02,2015,3,2,KR→US,KR,US,330.0,330.0,330.0,330.0,396,1,0,0
2015-03-03,2015,3,3,JP→US,JP,US,603.0,599.0,599.0,599.0,792,2,2,1
2015-03-03,2015,3,3,KR→US,KR,US,258.0,258.0,258.0,258.0,396,1,0,0
2015-03-04,2015,3,4,JP→US,JP,US,647.0,643.0,643.0,643.0,792,2,2,1
2015-03-04,2015,3,4,KR→US,KR,US,263.0,263.0,263.0,263.0,396,1,0,0
2015-03-05,2015,3,5,JP→US,JP,US,715.0,712.0,712.0,712.0,792,2,1,1
2015-03-05,2015,3,5,KR→US,KR,US,312.0,312.0,312.0,312.0,396,1,0,0
2015-03-06,2015,3,6,JP→US,JP,US,903.0,785.0,785.0,785.0,792,2,2,1
2015-03-06,2015,3,6,KR→US,KR,US,316.0,316.0,316.0,316.0,396,1,0,0
2015-03-07,2015,3,7,JP→US,JP,US,595.0,594.0,594.0,594.0,792,2,1,1
2015-03-07,2015,3,7,KR→US,KR,US,301.0,301.0,301.0,301.0,396,1,0,0
2015-03-08,2015,3,8,JP→US,JP,US,693.0,687.0,687.0,687.0,792,2,1,1
2015-03-08,2015,3,8,KR→US,KR,US,268.0,268.0,268.0,268.0,396,1,0,0
2015-03-09,2015,3,9,JP→US,JP,US,845.0,791.0,791.0,791.0,792,2,2,1
2015-03-09,2015,3,9,KR→US,KR,US,286.0,286.0,286.0,286.0,396,1,0,0
2015-03-10,2015,3,10,JP→US,JP,US,617.0,616.0,616.0,616.0,792,2,1,1
2015-03-10,2015,3,10,KR→US,KR,US,279.0,279.0,279.0,279.0,396,1,0,0
2015-03-11,2015,3,11,JP→US,JP,US,774.0,765.0,765.0,765.0,792,2,1,1
2015-03-11,2015,3,11,KR→US,KR,US,297.0,297.0,297.0,297.0,396,1,0,0
2015-03-12,2015,3,12,JP→US,JP,US,794.0,775.0,775.0,775.0,792,2,2,1
2015-03-12,2015,3,12,KR→US,KR,US,303.0,303.0,303.0,303.0,396,1,0,0
2015-03-13,2015,3,13,JP→US,JP,US,788.0,749.0,749.0,749.0,792,2,2,1
2015-03-13,2015,3,13,KR→US,KR,US,313.0,312.0,312.0,312.0,396,1,1,1
2015-03-14,2015,3,14,JP→US,JP,US,632.0,631.0,631.0,631.0,792,2,1,1
2015-03-14,2015,3,14,KR→US,KR,US,230.0,230.0,230.0,230.0,396,1,0,0
2015-03-15,2015,3,15,JP→US,JP,US,773.0,765.0,765.0,765.0,792,2,1,1
2015-03-15,2015,3,15,KR→US,KR,US,302.0,302.0,302.0,302.0,396,1,0,0
2015-03-16,2015,3,16,JP→US,JP,US,809.0,771.0,771.0,771.0,792,2,2,1
2015-03-16,2015,3,16,KR→US,KR,US,320.0,319.0,319.0,319.0,396,1,1,1
2015-03-17,2015,3,17,JP→US,JP,US,682.0,681.0,681.0,681.0,792,2,1,1
2015-03-17,2015,3,17,KR→US,KR,US,264.0,264.0,264.0,264.0,396,1,0,0
2015-03-18,2015,3,18,JP→US,JP,US,652.0,652.0,652.0,652.0,792,2,0,0
2015-03-18,2015,3,18,KR→US,KR,US,290.0,290.0,290.0,290.0,396,1,0,0
2015-03-19,2015,3,19,JP→US,JP,US,698.0,692.0,692.0,692.0,792,2,1,1
2015-03-19,2015,3,19,KR→US,KR,US,304.0,304.0,304.0,304.0,396,1,0,0
2015-03-20,2015,3,20,JP→US,JP,US,709.0,703.0,703.0,703.0,792,2,1,1
2015-03-20,2015,3,20,KR→US,KR,US,354.0,351.0,351.0,351.0,396,1,1,1
2015-03-21,2015,3,21,JP→US,JP,US,506.0,506.0,506.0,506.0,792,2,0,0
2015-03-21,2015,3,21,KR→US,KR,US,288.0,288.0,288.0,288.0,396,1,0,0
2015-03-22,2015,3,22,JP→US,JP,US,760.0,739.0,739.0,739.0,792,2,2,1
2015-03-22,2015,3,22,KR→US,KR,US,314.0,314.0,314.0,314.0,396,1,0,0
2015-03-23,2015,3,23,JP→US,JP,US,687.0,685.0,685.0,685.0,792,2,1,1
2015-03-23,2015,3,23,KR→US,KR,US,369.0,359.0,359.0,359.0,396,1,1,1
2015-03-24,2015,3,24,JP→US,JP,US,672.0,672.0,672.0,672.0,792,2,0,0
2015-03-24,2015,3,24,KR→US,KR,US,267.0,267.0,267.0,267.0,396,1,0,0
2015-03-25,2015,3,25,JP→US,JP,US,732.0,718.0,718.0,718.0,792,2,1,1
2015-03-25,2015,3,25,KR→US,KR,US,199.0,199.0,199.0,199.0,396,1,0,0
2015-03-26,2015,3,26,JP→US,JP,US,604.0,603.0,603.0,603.0,792,2,1,1
2015-03-26,2015,3,26,KR→US,KR,US,295.0,295.0,295.0,295.0,396,1,0,0
2015-03-27,2015,3,27,JP→US,JP,US,788.0,766.0,766.0,766.0,792,2,2,1
2015-03-27,2015,3,27,KR→US,KR,US,355.0,355.0,355.0,355.0,396,1,0,0
2015-03-28,2015,3,28,JP→US,JP,US,661.0,654.0,654.0,654.0,792,2,2,1
2015-03-28,2015,3,28,KR→US,KR,US,290.0,290.0,290.0,290.0,396,1,0,0
2015-03-29,2015,3,29,JP→US,JP,US,761.0,745.0,745.0,745.0,792,2,2,1
2015-03-29,2015,3,29,KR→US,KR,US,269.0,269.0,269.0,269.0,396,1,0,0
2015-03-30,2015,3,30,JP→US,JP,US,828.0,786.0,786.0,786.0,792,2,2,1
2015-03-30,2015,3,30,KR→US,KR,US,373.0,373.0,373.0,373.0,396,1,0,0
2015-03-31,2015,3,31,JP→US,JP,US,644.0,642.0,642.0,642.0,792,2,1,1
2015-03-31,2015,3,31,KR→US,KR,US,265.0,265.0,265.0,265.0,396,1,0,0
2015-04-01,2015,4,1,JP→US,JP,US,707.0,694.0,783.7783946667129,764.4499142602554,792,2,1,1
2015-04-01,2015,4,1,KR→US,KR,US,270.0,270.0,270.0,270.0,396,1,0,0
2015-04-02,2015,4,2,JP→US,JP,US,717.0,717.0,717.0,717.0,792,2,0,0
2015-04-02,2015,4,2,KR→US,KR,US,357.0,357.0,357.0,357.0,396,1,0,0
2015-04-03,2015,4,3,JP→US,JP,US,955.0,792.0,900.525824988314,866.0353328285096,792,2,2,1
2015-04-03,2015,4,3,KR→US,KR,US,345.0,341.0,441.5661556104903,427.4528250525301,396,1,1,1
2015-04-04,2015,4,4,JP→US,JP,US,618.0,617.0,731.8238410023471,716.2357513900512,792,2,1,1
2015-04-04,2015,4,4,KR→US,KR,US,309.0,308.0,442.2037657326165,427.863549688632,396,1,1,1
2015-04-05,2015,4,5,JP→US,JP,US,869.0,786.0,901.3216758407652,866.5276030518921,792,2,2,1
2015-04-05,2015,4,5,KR→US,KR,US,338.0,338.0,338.0,338.0,396,1,0,0
2015-04-06,2015,4,6,JP→US,JP,US,798.0,768.0,901.7369104576986,866.8034998332726,792,2,2,1
2015-04-06,2015,4,6,KR→US,KR,US,371.0,363.0,442.2274586433524,427.8766529265871,396,1,1,1
2015-04-07,2015,4,7,JP→US,JP,US,640.0,632.0,752.5684159431526,733.350652630005,792,2,1,1
2015-04-07,2015,4,7,KR→US,KR,US,316.0,315.0,442.83086732258766,428.2647541445023,396,1,1,1
2015-04-08,2015,4,8,JP→US,JP,US,694.0,688.0,902.3170473738822,867.1878731692459,792,2,2,1
2015-04-08,2015,4,8,KR→US,KR,US,334.0,331.0,443.42088669777763,428.64386465572375,396,1,1,1
2015-04-09,2015,4,9,JP→US,JP,US,706.0,700.0,902.7000782346599,867.4442076070709,792,2,2,1
2015-04-09,2015,4,9,KR→US,KR,US,348.0,348.0,348.0,348.0,396,1,0,0
2015-04-10,2015,4,10,JP→US,JP,US,884.0,790.0,903.067447681154,867.6910479905673,792,2,2,1
2015-04-10,2015,4,10,KR→US,KR,US,353.0,353.0,353.0,353.0,396,1,0,0
2015-04-11,2015,4,11,JP→US,JP,US,763.0,758.0,903.4196624894421,867.9286896510357,792,2,2,1
2015-04-11,2015,4,11,KR→US,KR,US,345.0,345.0,345.0,345.0,396,1,0,0
2015-04-12,2015,4,12,JP→US,JP,US,758.0,741.0,903.7571912536972,868.1574358659889,792,2,2,1
2015-04-12,2015,4,12,KR→US,KR,US,374.0,372.0,442.304092474802,427.94871554286556,396,1,1,1
2015-04-13,2015,4,13,JP→US,JP,US,813.0,788.0,904.0805030581378,868.377559996563,792,2,2,1
2015-04-13,2015,4,13,KR→US,KR,US,320.0,320.0,320.0,320.0,396,1,0,0
2015-04-14,2015,4,14,JP→US,JP,US,726.0,715.0,904.3900522397589,868.5893399601623,792,2,2,1
2015-04-14,2015,4,14,KR→US,KR,US,341.0,339.0,442.31210410021134,427.93878152158914,396,1,1,1
2015-04-15,2015,4,15,JP→US,JP,US,651.0,651.0,651.0,651.0,792,2,0,0
2015-04-15,2015,4,15,KR→US,KR,US,304.0,304.0,304.0,304.0,396,1,0,0
2015-04-16,2015,4,16,JP→US,JP,US,713.0,713.0,713.0,713.0,792,2,0,0
2015-04-16,2015,4,16,KR→US,KR,US,288.0,288.0,288.0,288.0,396,1,0,0
2015-04-17,2015,4,17,JP→US,JP,US,924.0,791.0,902.2276421599438,867.1266942844884,792,2,2,1
2015-04-17,2015,4,17,KR→US,KR,US,333.0,331.0,442.0508768364874,427.7417783112841,396,1,1,1
2015-04-18,2015,4,18,JP→US,JP,US,600.0,600.0,600.0,600.0,792,2,0,0
2015-04-18,2015,4,18,KR→US,KR,US,334.0,334.0,334.0,334.0,396,1,0,0
2015-04-19,2015,4,19,JP→US,JP,US,855.0,778.0,902.4379917480219,867.2286176339321,792,2,2,1
2015-04-19,2015,4,19,KR→US,KR,US,361.0,360.0,442.041503151038,427.72905578840044,396,1,1,1
2015-04-20,2015,4,20,JP→US,JP,US,925.0,789.0,902.7503753497829,867.4402245846138,792,2,2,1
2015-04-20,2015,4,20,KR→US,KR,US,324.0,324.0,324.0,324.0,396,1,0,0
2015-04-21,2015,4,21,JP→US,JP,US,609.0,609.0,609.0,609.0,792,2,0,0
2015-04-21,2015,4,21,KR→US,KR,US,341.0,337.0,442.03910872660856,427.71528780290686,396,1,1,1
2015-04-22,2015,4,22,JP→US,JP,US,635.0,634.0,766.277490364703,749.8128133313343,792,2,1,1
2015-04-22,2015,4,22,KR→US,KR,US,312.0,312.0,312.0,312.0,396,1,0,0
2015-04-23,2015,4,23,JP→US,JP,US,833.0,787.0,902.6399262309749,867.3062226934062,792,2,2,1
2015-04-23,2015,4,23,KR→US,KR,US,296.0,296.0,296.0,296.0,396,1,0,0
2015-04-24,2015,4,24,JP→US,JP,US,983.0,792.0,902.9452581532355,867.5129481031133,792,2,2,1
2015-04-24,2015,4,24,KR→US,KR,US,380.0,378.0,441.7052389338363,427.4721413567288,396,1,1,1
2015-04-25,2015,4,25,JP→US,JP,US,706.0,703.0,903.2391273386668,867.7127364815387,792,2,2,1
2015-04-25,2015,4,25,KR→US,KR,US,346.0,346.0,346.0,346.0,396,1,0,0
2015-04-26,2015,4,26,JP→US,JP,US,834.0,791.0,903.5218691191408,867.9057848025082,792,2,2,1
2015-04-26,2015,4,26,KR→US,KR,US,255.0,255.0,255.0,255.0,396,1,0,0
2015-04-27,2015,4,27,JP→US,JP,US,822.0,784.0,903.7937861805879,868.0922942793788,792,2,2,1
2015-04-27,2015,4,27,KR→US,KR,US,320.0,319.0,441.7682932344683,427.5330936663578,396,1,1,1
2015-04-28,2015,4,28,JP→US,JP,US,612.0,607.0,757.3424622483112,740.5183540739217,792,2,1,1
2015-04-28,2015,4,28,KR→US,KR,US,233.0,233.0,233.0,233.0,396,1,0,0
2015-04-29,2015,4,29,JP→US,JP,US,671.0,662.0,903.9888784566035,868.1918977241336,792,2,2,1
2015-04-29,2015,4,29,KR→US,KR,US,294.0,294.0,294.0,294.0,396,1,0,0
2015-04-30,2015,4,30,JP→US,JP,US,754.0,752.0,818.6520356416811,801.726013802318,792,2,1,1
2015-04-30,2015,4,30,KR→US,KR,US,335.0,323.0,442.272996340387,427.8910571527519,396,1,1,1
2015-05-01,2015,5,1,JP→US,JP,US,912.0,792.0,903.6407207994118,867.9935901460476,792,2,2,1
2015-05-01,2015,5,1,KR→US,KR,US,424.0,389.0,442.74386124847183,428.19361345005234,396,1,1,1
2015-05-02,2015,5,2,JP→US,JP,US,709.0,700.0,903.8830179657327,868.1613908694987,792,2,2,1
2015-05-02,2015,5,2,KR→US,KR,US,376.0,370.0,443.20623937905157,428.4904987516429,396,1,1,1
2015-05-03,2015,5,3,JP→US,JP,US,852.0,789.0,904.1159091808622,868.3235125387367,792,2,2,1
2015-05-03,2015,5,3,KR→US,KR,US,354.0,352.0,443.6602750027221,428.7818247884494,396,1,1,1
2015-05-04,2015,5,4,JP→US,JP,US,818.0,774.0,904.3396581518749,868.4801002195745,792,2,2,1
2015-05-04,2015,5,4,KR→US,KR,US,340.0,339.0,444.10610543457915,429.06770086246735,396,1,1,1
2015-05-05,2015,5,5,JP→US,JP,US,696.0,696.0,696.0,696.0,792,2,0,0
2015-05-05,2015,5,5,KR→US,KR,US,286.0,286.0,286.0,286.0,396,1,0,0
2015-05-06,2015,5,6,JP→US,JP,US,654.0,654.0,654.0,654.0,792,2,0,0
2015-05-06,2015,5,6,KR→US,KR,US,350.0,350.0,350.0,350.0,396,1,0,0
2015-05-07,2015,5,7,JP→US,JP,US,789.0,772.0,902.5631015953971,867.2395339724127,792,2,2,1
2015-05-07,2015,5,7,KR→US,KR,US,386.0,384.0,443.794460011415,428.8649220330242,396,1,1,1
2015-05-08,2015,5,8,JP→US,JP,US,840.0,785.0,902.7892089412603,867.3964926737917,792,2,2,1
2015-05-08,2015,5,8,KR→US,KR,US,410.0,396.0,444.2219517438045,429.1389310302866,396,1,1,1
2015-05-09,2015,5,9,JP→US,JP,US,730.0,724.0,903.0068837079191,867.5483604661287,792,2,2,1
2015-05-09,2015,5,9,KR→US,KR,US,326.0,325.0,444.64190828708684,429.407956253815,396,1,1,1
2015-05-10,2015,5,10,JP→US,JP,US,836.0,785.0,903.2163528911201,867.6952650773521,792,2,2,1
2015-05-10,2015,5,10,KR→US,KR,US,420.0,381.0,445.05444048563345,429.6720972646343,396,1,1,1
2015-05-11,2015,5,11,JP→US,JP,US,831.0,778.0,903.4178376741438,867.8373309231177,792,2,2,1
2015-05-11,2015,5,11,KR→US,KR,US,357.0,355.0,445.4596731963457,429.9314382436311,396,1,1,1
2015-05-12,2015,5,12,JP→US,JP,US,739.0,738.0,822.9604717857944,805.9326656480995,792,2,1,1
2015-05-12,2015,5,12,KR→US,KR,US,310.0,309.0,445.85772457708987,430.1860742064107,396,1,1,1
2015-05-13,2015,5,13,JP→US,JP,US,768.0,764.0,833.9756444905026,815.6197564780695,792,2,1,1
2015-05-13,2015,5,13,KR→US,KR,US,355.0,353.0,446.2487110915611,430.4360941738057,396,1,1,1
2015-05-14,2015,5,14,JP→US,JP,US,758.0,740.0,902.5315782867478,867.333013030894,792,2,2,1
2015-05-14,2015,5,14,KR→US,KR,US,368.0,368.0,368.0,368.0,396,1,0,0
2015-05-15,2015,5,15,JP→US,JP,US,872.0,791.0,902.7147694804803,867.4629873352083,792,2,2,1
2015-05-15,2015,5,15,KR→US,KR,US,366.0,363.0,446.20755750257945,430.435937609486,396,1,1,1
2015-05-16,2015,5,16,JP→US,JP,US,639.0,639.0,639.0,639.0,792,2,0,0
2015-05-16,2015,5,16,KR→US,KR,US,284.0,280.0,446.5806307459231,430.6743351575663,396,1,1,1
2015-05-17,2015,5,17,JP→US,JP,US,911.0,791.0,902.3805849475775,867.1935409820621,792,2,2,1
2015-05-17,2015,5,17,KR→US,KR,US,381.0,378.0,446.94713584554256,430.90846983334944,396,1,1,1
2015-05-18,2015,5,18,JP→US,JP,US,891.0,790.0,902.5601116930715,867.3210257983162,792,2,2,1
2015-05-18,2015,5,18,KR→US,KR,US,352.0,352.0,352.0,352.0,396,1,0,0
2015-05-19,2015,5,19,JP→US,JP,US,577.0,577.0,577.0,577.0,792,2,0,0
2015-05-19,2015,5,19,KR→US,KR,US,291.0,288.0,446.835476184974,430.8438385763061,396,1,1,1
2015-05-20,2015,5,20,JP→US,JP,US,690.0,684.0,903.2452708784483,867.7531491240504,792,2,2,1
2015-05-20,2015,5,20,KR→US,KR,US,285.0,285.0,285.0,285.0,396,1,0,0
2015-05-21,2015,5,21,JP→US,JP,US,588.0,588.0,588.0,588.0,792,2,0,0
2015-05-21,2015,5,21,KR→US,KR,US,336.0,336.0,336.0,336.0,396,1,0,0
2015-05-22,2015,5,22,JP→US,JP,US,891.0,790.0,903.7113652408339,868.0337996963374,792,2,2,1
2015-05-22,2015,5,22,KR→US,KR,US,373.0,370.0,446.4903889798898,430.608974259453,396,1,1,1
2015-05-23,2015,5,23,JP→US,JP,US,686.0,680.0,903.8929616513196,868.1622771458374,792,2,2,1
2015-05-23,2015,5,23,KR→US,KR,US,281.0,280.0,446.836465862934,430.83001108135477,396,1,1,1
2015-05-24,2015,5,24,JP→US,JP,US,666.0,665.0,787.2074418301562,770.1142784185583,792,2,1,1
2015-05-24,2015,5,24,KR→US,KR,US,385.0,379.0,447.17666831477095,431.0472472943644,396,1,1,1
2015-05-25,2015,5,25,JP→US,JP,US,834.0,789.0,903.6934428080692,868.019336468201,792,2,2,1
2015-05-25,2015,5,25,KR→US,KR,US,413.0,388.0,447.5110874565662,431.2607552527918,396,1,1,1
2015-05-26,2015,5,26,JP→US,JP,US,679.0,677.0,783.4018131349985,766.249703430242,792,2,1,1
2015-05-26,2015,5,26,KR→US,KR,US,317.0,317.0,317.0,317.0,396,1,0,0
2015-05-27,2015,5,27,JP→US,JP,US,751.0,744.0,833.0317416956187,814.5817531749942,792,2,1,1
2015-05-27,2015,5,27,KR→US,KR,US,368.0,360.0,447.4265326062174,431.19372381083565,396,1,1,1
2015-05-28,2015,5,28,JP→US,JP,US,830.0,792.0,903.0543574056595,867.6222193591975,792,2,2,1
2015-05-28,2015,5,28,KR→US,KR,US,323.0,323.0,323.0,323.0,396,1,0,0
2015-05-29,2015,5,29,JP→US,JP,US,846.0,784.0,903.2177527687774,867.7388462743099,792,2,2,1
2015-05-29,2015,5,29,KR→US,KR,US,378.0,370.0,447.32360432371365,431.11662636235036,396,1,1,1
2015-05-30,2015,5,30,JP→US,JP,US,592.0,592.0,592.0,592.0,792,2,0,0
2015-05-30,2015,5,30,KR→US,KR,US,316.0,316.0,316.0,316.0,396,1,0,0
2015-05-31,2015,5,31,JP→US,JP,US,766.0,752.0,903.5882006679635,867.9545722580639,792,2,2,1
2015-05-31,2015,5,31,KR→US,KR,US,355.0,351.0,447.2457033107988,431.05417219929717,396,1,1,1
2015-06-01,2015,6,1,JP→US,JP,US,395.0,395.0,395.0,395.0,792,2,0,0
2015-06-01,2015,6,1,KR→US,KR,US,319.0,319.0,319.0,319.0,396,1,0,0
2015-06-02,2015,6,2,JP→US,JP,US,322.0,322.0,322.0,322.0,792,2,0,0
2015-06-02,2015,6,2,KR→US,KR,US,298.0,297.0,447.15825015546625,430.98639121850283,396,1,1,1
2015-06-03,2015,6,3,JP→US,JP,US,313.0,313.0,313.0,313.0,792,2,0,0
2015-06-03,2015,6,3,KR→US,KR,US,350.0,350.0,350.0,350.0,396,1,0,0
2015-06-04,2015,6,4,JP→US,JP,US,357.0,357.0,357.0,357.0,792,2,0,0
2015-06-04,2015,6,4,KR→US,KR,US,355.0,355.0,355.0,355.0,396,1,0,0
2015-06-05,2015,6,5,JP→US,JP,US,531.0,531.0,531.0,531.0,792,2,0,0
2015-06-05,2015,6,5,KR→US,KR,US,323.0,321.0,446.6125664054849,430.64972144536546,396,1,1,1
2015-06-06,2015,6,6,JP→US,JP,US,337.0,337.0,337.0,337.0,792,2,0,0
2015-06-06,2015,6,6,KR→US,KR,US,321.0,321.0,321.0,321.0,396,1,0,0
2015-06-07,2015,6,7,JP→US,JP,US,426.0,426.0,426.0,426.0,792,2,0,0
2015-06-07,2015,6,7,KR→US,KR,US,252.0,252.0,252.0,252.0,396,1,0,0
2015-06-08,2015,6,8,JP→US,JP,US,468.0,468.0,468.0,468.0,792,2,0,0
2015-06-08,2015,6,8,KR→US,KR,US,344.0,343.0,446.67493034310525,430.6982133762586,396,1,1,1
2015-06-09,2015,6,9,JP→US,JP,US,382.0,382.0,382.0,382.0,792,2,0,0
2015-06-09,2015,6,9,KR→US,KR,US,294.0,292.0,446.9731268655836,430.88858465347835,396,1,1,1
2015-06-10,2015,6,10,JP→US,JP,US,382.0,382.0,382.0,382.0,792,2,0,0
2015-06-10,2015,6,10,KR→US,KR,US,267.0,265.0,447.266707745999,431.0759809026277,396,1,1,1
2015-06-11,2015,6,11,JP→US,JP,US,444.0,444.0,444.0,444.0,792,2,0,0
2015-06-11,2015,6,11,KR→US,KR,US,320.0,318.0,447.5557438652419,431.260454309106,396,1,1,1
2015-06-12,2015,6,12,JP→US,JP,US,416.0,416.0,416.0,416.0,792,2,0,0
2015-06-12,2015,6,12,KR→US,KR,US,377.0,376.0,447.84028895561215,431.44205181966953,396,1,1,1
2015-06-13,2015,6,13,JP→US,JP,US,420.0,420.0,420.0,420.0,792,2,0,0
2015-06-13,2015,6,13,KR→US,KR,US,325.0,321.0,448.12041162613536,431.62081954129144,396,1,1,1
2015-06-14,2015,6,14,JP→US,JP,US,485.0,485.0,485.0,485.0,792,2,0,0
2015-06-14,2015,6,14,KR→US,KR,US,323.0,323.0,323.0,323.0,396,1,0,0
2015-06-15,2015,6,15,JP→US,JP,US,395.0,395.0,395.0,395.0,792,2,0,0
2015-06-15,2015,6,15,KR→US,KR,US,270.0,270.0,270.0,270.0,396,1,0,0
2015-06-16,2015,6,16,JP→US,JP,US,367.0,367.0,367.0,367.0,792,2,0,0
2015-06-16,2015,6,16,KR→US,KR,US,244.0,244.0,244.0,244.0,396,1,0,0
2015-06-17,2015,6,17,JP→US,JP,US,377.0,377.0,377.0,377.0,792,2,0,0
2015-06-17,2015,6,17,KR→US,KR,US,315.0,312.0,448.19872268395284,431.6902278023208,396,1,1,1
2015-06-18,2015,6,18,JP→US,JP,US,407.0,407.0,407.0,407.0,792,2,0,0
2015-06-18,2015,6,18,KR→US,KR,US,314.0,313.0,448.47529573826876,431.86674186389655,396,1,1,1
2015-06-19,2015,6,19,JP→US,JP,US,515.0,513.0,736.0457915404988,710.2002623567325,792,2,1,1
2015-06-19,2015,6,19,KR→US,KR,US,362.0,362.0,362.0,362.0,396,1,0,0
2015-06-20,2015,6,20,JP→US,JP,US,386.0,385.0,662.2121547441748,636.3091118199683,792,2,1,1
2015-06-20,2015,6,20,KR→US,KR,US,284.0,284.0,284.0,284.0,396,1,0,0
2015-06-21,2015,6,21,JP→US,JP,US,434.0,434.0,434.0,434.0,792,2,0,0
2015-06-21,2015,6,21,KR→US,KR,US,304.0,304.0,304.0,304.0,396,1,0,0
2015-06-22,2015,6,22,JP→US,JP,US,416.0,413.0,677.9733777856254,651.8201609200539,792,2,1,1
2015-06-22,2015,6,22,KR→US,KR,US,317.0,316.0,447.88601360105065,431.4864655726992,396,1,1,1
2015-06-23,2015,6,23,JP→US,JP,US,378.0,378.0,378.0,378.0,792,2,0,0
2015-06-23,2015,6,23,KR→US,KR,US,213.0,213.0,213.0,213.0,396,1,0,0
2015-06-24,2015,6,24,JP→US,JP,US,320.0,320.0,320.0,320.0,792,2,0,0
2015-06-24,2015,6,24,KR→US,KR,US,254.0,254.0,254.0,254.0,396,1,0,0
2015-06-25,2015,6,25,JP→US,JP,US,421.0,421.0,421.0,421.0,792,2,0,0
2015-06-25,2015,6,25,KR→US,KR,US,337.0,337.0,337.0,337.0,396,1,0,0
2015-06-26,2015,6,26,JP→US,JP,US,472.0,471.0,714.6953181383103,687.7052585180982,792,2,1,1
2015-06-26,2015,6,26,KR→US,KR,US,362.0,362.0,362.0,362.0,396,1,0,0
2015-06-27,2015,6,27,JP→US,JP,US,352.0,352.0,352.0,352.0,792,2,0,0
2015-06-27,2015,6,27,KR→US,KR,US,271.0,271.0,271.0,271.0,396,1,0,0
2015-06-28,2015,6,28,JP→US,JP,US,428.0,428.0,428.0,428.0,792,2,0,0
2015-06-28,2015,6,28,KR→US,KR,US,346.0,346.0,346.0,346.0,396,1,0,0
2015-06-29,2015,6,29,JP→US,JP,US,465.0,465.0,465.0,465.0,792,2,0,0
2015-06-29,2015,6,29,KR→US,KR,US,345.0,344.0,447.6647899337246,431.43554709165767,396,1,1,1
2015-06-30,2015,6,30,JP→US,JP,US,315.0,315.0,315.0,315.0,792,2,0,0
2015-06-30,2015,6,30,KR→US,KR,US,263.0,263.0,263.0,263.0,396,1,0,0
2015-07-01,2015,7,1,JP→US,JP,US,606.0,606.0,606.0,606.0,792,2,0,0
2015-07-01,2015,7,1,KR→US,KR,US,293.0,293.0,293.0,293.0,396,1,0,0
2015-07-02,2015,7,2,JP→US,JP,US,641.0,636.0,769.2408408258093,741.7439409365261,792,2,1,1
2015-07-02,2015,7,2,KR→US,KR,US,335.0,335.0,335.0,335.0,396,1,0,0
2015-07-03,2015,7,3,JP→US,JP,US,759.0,746.0,964.1253440391902,910.6838078262667,792,2,2,1
2015-07-03,2015,7,3,KR→US,KR,US,341.0,341.0,341.0,341.0,396,1,0,0
2015-07-04,2015,7,4,JP→US,JP,US,548.0,548.0,548.0,548.0,792,2,0,0
2015-07-04,2015,7,4,KR→US,KR,US,348.0,344.0,446.9618480161369,430.97398770407733,396,1,1,1
2015-07-05,2015,7,5,JP→US,JP,US,674.0,671.0,963.7115849200551,910.3618740969114,792,2,2,1
2015-07-05,2015,7,5,KR→US,KR,US,367.0,365.0,447.2279114114567,431.1438687875594,396,1,1,1
2015-07-06,2015,7,6,JP→US,JP,US,624.0,623.0,781.2977311794768,753.7528787956779,792,2,1,1
2015-07-06,2015,7,6,KR→US,KR,US,427.0,393.0,447.49050146221157,431.3115012298932,396,1,1,1
2015-07-07,2015,7,7,JP→US,JP,US,577.0,577.0,577.0,577.0,792,2,0,0
2015-07-07,2015,7,7,KR→US,KR,US,333.0,330.0,447.74965951677774,431.4769157920823,396,1,1,1
2015-07-08,2015,7,8,JP→US,JP,US,620.0,619.0,812.0296454016499,784.5503810695589,792,2,1,1
2015-07-08,2015,7,8,KR→US,KR,US,340.0,339.0,448.00542647502,431.6401474133427,396,1,1,1
2015-07-09,2015,7,9,JP→US,JP,US,470.0,470.0,470.0,470.0,792,2,0,0
2015-07-09,2015,7,9,KR→US,KR,US,393.0,389.0,448.25784279072116,431.8012170434211,396,1,1,1
2015-07-10,2015,7,10,JP→US,JP,US,670.0,666.0,835.0781614190721,807.5594828791334,792,2,1,1
2015-07-10,2015,7,10,KR→US,KR,US,426.0,389.0,448.5069484741084,431.96015832994306,396,1,1,1
2015-07-11,2015,7,11,JP→US,JP,US,570.0,570.0,570.0,570.0,792,2,0,0
2015-07-11,2015,7,11,KR→US,KR,US,349.0,348.0,448.752788758402,432.1170002108953,396,1,1,1
2015-07-12,2015,7,12,JP→US,JP,US,646.0,646.0,646.0,646.0,792,2,0,0
2015-07-12,2015,7,12,KR→US,KR,US,439.0,394.0,448.99539196865186,432.27177118653685,396,1,1,1
2015-07-13,2015,7,13,JP→US,JP,US,699.0,694.0,959.7473389703098,907.6322947270767,792,2,2,1
2015-07-13,2015,7,13,KR→US,KR,US,309.0,307.0,449.2348019791953,432.42449932648407,396,1,1,1
2015-07-14,2015,7,14,JP→US,JP,US,476.0,476.0,476.0,476.0,792,2,0,0
2015-07-14,2015,7,14,KR→US,KR,US,401.0,389.0,449.4710570547162,432.5752122766825,396,1,1,1
2015-07-15,2015,7,15,JP→US,JP,US,527.0,527.0,527.0,527.0,792,2,0,0
2015-07-15,2015,7,15,KR→US,KR,US,313.0,313.0,313.0,313.0,396,1,0,0
2015-07-16,2015,7,16,JP→US,JP,US,560.0,560.0,560.0,560.0,792,2,0,0
2015-07-16,2015,7,16,KR→US,KR,US,396.0,376.0,449.3977741924118,432.5175213838287,396,1,1,1
2015-07-17,2015,7,17,JP→US,JP,US,715.0,705.0,958.3957815170902,906.6304863737273,792,2,2,1
2015-07-17,2015,7,17,KR→US,KR,US,445.0,392.0,449.6283427081432,432.66461659763746,396,1,1,1
2015-07-18,2015,7,18,JP→US,JP,US,558.0,558.0,558.0,558.0,792,2,0,0
2015-07-18,2015,7,18,KR→US,KR,US,375.0,367.0,449.85589492357224,432.8097912596473,396,1,1,1
2015-07-19,2015,7,19,JP→US,JP,US,747.0,742.0,958.0040539912952,906.3289908445959,792,2,2,1
2015-07-19,2015,7,19,KR→US,KR,US,397.0,392.0,450.080466720023,432.9530709883161,396,1,1,1
2015-07-20,2015,7,20,JP→US,JP,US,648.0,647.0,803.4072328431773,776.344192410399,792,2,1,1
2015-07-20,2015,7,20,KR→US,KR,US,428.0,396.0,450.30209357452134,433.0944810208358,396,1,1,1
2015-07-21,2015,7,21,JP→US,JP,US,536.0,536.0,536.0,536.0,792,2,0,0
2015-07-21,2015,7,21,KR→US,KR,US,333.0,333.0,333.0,333.0,396,1,0,0
2015-07-22,2015,7,22,JP→US,JP,US,594.0,591.0,957.4189281378602,905.8954033353052,792,2,2,1
2015-07-22,2015,7,22,KR→US,KR,US,375.0,366.0,450.17061119234245,433.0044777445654,396,1,1,1
2015-07-23,2015,7,23,JP→US,JP,US,525.0,525.0,525.0,525.0,792,2,0,0
2015-07-23,2015,7,23,KR→US,KR,US,298.0,298.0,298.0,298.0,396,1,0,0
2015-07-24,2015,7,24,JP→US,JP,US,618.0,617.0,795.1431003293744,768.1251162575799,792,2,1,1
2015-07-24,2015,7,24,KR→US,KR,US,410.0,394.0,450.1552576929623,432.9847818683243,396,1,1,1
2015-07-25,2015,7,25,JP→US,JP,US,533.0,533.0,533.0,533.0,792,2,0,0
2015-07-25,2015,7,25,KR→US,KR,US,315.0,315.0,315.0,315.0,396,1,0,0
2015-07-26,2015,7,26,JP→US,JP,US,662.0,656.0,956.2727607961455,905.058498810138,792,2,2,1
2015-07-26,2015,7,26,KR→US,KR,US,402.0,387.0,450.0691781007515,432.9196222233444,396,1,1,1
2015-07-27,2015,7,27,JP→US,JP,US,587.0,587.0,587.0,587.0,792,2,0,0
2015-07-27,2015,7,27,KR→US,KR,US,379.0,365.0,450.2809691709184,433.054789821107,396,1,1,1
2015-07-28,2015,7,28,JP→US,JP,US,473.0,473.0,473.0,473.0,792,2,0,0
2015-07-28,2015,7,28,KR→US,KR,US,335.0,334.0,450.4900491958568,433.188240238955,396,1,1,1
2015-07-29,2015,7,29,JP→US,JP,US,569.0,565.0,737.0039092664972,712.8459176179208,792,2,1,1
2015-07-29,2015,7,29,KR→US,KR,US,412.0,395.0,450.6964549908753,433.3200000391778,396,1,1,1
2015-07-30,2015,7,30,JP→US,JP,US,631.0,631.0,631.0,631.0,792,2,0,0
2015-07-30,2015,7,30,KR→US,KR,US,377.0,377.0,377.0,377.0,396,1,0,0
2015-07-31,2015,7,31,JP→US,JP,US,666.0,665.0,816.7577148786772,790.1332147379622,792,2,1,1
2015-07-31,2015,7,31,KR→US,KR,US,399.0,390.0,450.5953807191502,433.2807455656465,396,1,1,1
2015-08-01,2015,8,1,JP→US,JP,US,614.0,610.0,954.2264882524964,903.6286788275584,792,2,2,1
2015-08-01,2015,8,1,KR→US,KR,US,380.0,376.0,450.79515312056907,433.4082508726031,396,1,1,1
2015-08-02,2015,8,2,JP→US,JP,US,858.0,789.0,954.6564767624347,903.9034677186227,792,2,2,1
2015-08-02,2015,8,2,KR→US,KR,US,452.0,396.0,450.9923845270844,433.53415414647935,396,1,1,1
2015-08-03,2015,8,3,JP→US,JP,US,680.0,680.0,680.0,680.0,792,2,0,0
2015-08-03,2015,8,3,KR→US,KR,US,329.0,324.0,451.1871041616923,433.6584757428997,396,1,1,1
2015-08-04,2015,8,4,JP→US,JP,US,703.0,703.0,703.0,703.0,792,2,0,0
2015-08-04,2015,8,4,KR→US,KR,US,402.0,388.0,451.3793409226465,433.7812357282813,396,1,1,1
2015-08-05,2015,8,5,JP→US,JP,US,561.0,561.0,561.0,561.0,792,2,0,0
2015-08-05,2015,8,5,KR→US,KR,US,373.0,373.0,373.0,373.0,396,1,0,0
2015-08-06,2015,8,6,JP→US,JP,US,603.0,603.0,603.0,603.0,792,2,0,0
2015-08-06,2015,8,6,KR→US,KR,US,395.0,388.0,451.25182472755944,433.720181243307,396,1,1,1
2015-08-07,2015,8,7,JP→US,JP,US,895.0,787.0,951.4221130464763,901.7797350026132,792,2,2,1
2015-08-07,2015,8,7,KR→US,KR,US,408.0,389.0,451.4381479977451,433.83915732300693,396,1,1,1
2015-08-08,2015,8,8,JP→US,JP,US,575.0,574.0,777.5919594273771,751.369953589954,792,2,1,1
2015-08-08,2015,8,8,KR→US,KR,US,338.0,335.0,451.6221085178054,433.9566509732299,396,1,1,1
2015-08-09,2015,8,9,JP→US,JP,US,619.0,619.0,619.0,619.0,792,2,0,0
2015-08-09,2015,8,9,KR→US,KR,US,339.0,334.0,451.8037389154521,434.072680745924,396,1,1,1
2015-08-10,2015,8,10,JP→US,JP,US,676.0,672.0,950.7228266800728,901.2849743025585,792,2,2,1
2015-08-10,2015,8,10,KR→US,KR,US,357.0,357.0,357.0,357.0,396,1,0,0
2015-08-11,2015,8,11,JP→US,JP,US,554.0,553.0,759.5006217269728,733.293657732387,792,2,1,1
2015-08-11,2015,8,11,KR→US,KR,US,370.0,370.0,370.0,370.0,396,1,0,0
2015-08-12,2015,8,12,JP→US,JP,US,573.0,573.0,573.0,573.0,792,2,0,0
2015-08-12,2015,8,12,KR→US,KR,US,375.0,367.0,451.32421278332765,433.7891618941562,396,1,1,1
2015-08-13,2015,8,13,JP→US,JP,US,761.0,745.0,950.2442786392099,900.9215605290826,792,2,2,1
2015-08-13,2015,8,13,KR→US,KR,US,398.0,390.0,451.50004875520085,433.9014488499106,396,1,1,1
2015-08-14,2015,8,14,JP→US,JP,US,717.0,709.0,810.5174242932512,784.2834497635029,792,2,1,1
2015-08-14,2015,8,14,KR→US,KR,US,400.0,393.0,451.673691636752,434.01235940406406,396,1,1,1
2015-08-15,2015,8,15,JP→US,JP,US,613.0,609.0,782.6949564802492,756.3977355976795,792,2,1,1
2015-08-15,2015,8,15,KR→US,KR,US,310.0,310.0,310.0,310.0,396,1,0,0
2015-08-16,2015,8,16,JP→US,JP,US,836.0,776.0,950.1761508695347,900.8595649295737,792,2,2,1
2015-08-16,2015,8,16,KR→US,KR,US,388.0,379.0,451.59422288282906,433.9509501870474,396,1,1,1
2015-08-17,2015,8,17,JP→US,JP,US,813.0,784.0,950.577080559699,901.115811224904,792,2,2,1
2015-08-17,2015,8,17,KR→US,KR,US,448.0,396.0,451.7643557421395,434.0596589878745,396,1,1,1
2015-08-18,2015,8,18,JP→US,JP,US,664.0,660.0,806.7607905431164,783.6377229464383,792,2,1,1
2015-08-18,2015,8,18,KR→US,KR,US,337.0,337.0,337.0,337.0,396,1,0,0
2015-08-19,2015,8,19,JP→US,JP,US,627.0,627.0,627.0,627.0,792,2,0,0
2015-08-19,2015,8,19,KR→US,KR,US,374.0,371.0,451.61127703352196,433.956670989623,396,1,1,1
2015-08-20,2015,8,20,JP→US,JP,US,665.0,662.0,798.2055963374535,772.0770826105918,792,2,1,1
2015-08-20,2015,8,20,KR→US,KR,US,351.0,351.0,351.0,351.0,396,1,0,0
2015-08-21,2015,8,21,JP→US,JP,US,723.0,717.0,949.5655417041761,900.4323485354657,792,2,2,1
2015-08-21,2015,8,21,KR→US,KR,US,495.0,396.0,451.45009351794545,433.855324865655,396,1,1,1
2015-08-22,2015,8,22,JP→US,JP,US,619.0,619.0,619.0,619.0,792,2,0,0
2015-08-22,2015,8,22,KR→US,KR,US,362.0,359.0,451.614056322273,433.960106561296,396,1,1,1
2015-08-23,2015,8,23,JP→US,JP,US,613.0,609.0,949.1077476824767,900.1130464336035,792,2,2,1
2015-08-23,2015,8,23,KR→US,KR,US,457.0,394.0,451.77601462079406,434.0636372412761,396,1,1,1
2015-08-24,2015,8,24,JP→US,JP,US,661.0,650.0,949.4915786154111,900.3583881386255,792,2,2,1
2015-08-24,2015,8,24,KR→US,KR,US,461.0,392.0,451.93599031453584,434.1659366003068,396,1,1,1
2015-08-25,2015,8,25,JP→US,JP,US,575.0,575.0,575.0,575.0,792,2,0,0
2015-08-25,2015,8,25,KR→US,KR,US,361.0,359.0,452.09400506917706,434.2670099380296,396,1,1,1
2015-08-26,2015,8,26,JP→US,JP,US,746.0,744.0,828.1956115240605,805.2136334397551,792,2,1,1
2015-08-26,2015,8,26,KR→US,KR,US,373.0,370.0,452.2500803170934,434.3668762882212,396,1,1,1
2015-08-27,2015,8,27,JP→US,JP,US,653.0,650.0,948.8987538189787,899.9557372015453,792,2,2,1
2015-08-27,2015,8,27,KR→US,KR,US,371.0,368.0,452.40423725940366,434.4655499350571,396,1,1,1
2015-08-28,2015,8,28,JP→US,JP,US,697.0,685.0,949.2726832843828,900.1947420441245,792,2,2,1
2015-08-28,2015,8,28,KR→US,KR,US,391.0,385.0,452.55649686802167,434.56304497331524,396,1,1,1
2015-08-29,2015,8,29,JP→US,JP,US,638.0,638.0,638.0,638.0,792,2,0,0
2015-08-29,2015,8,29,KR→US,KR,US,353.0,353.0,353.0,353.0,396,1,0,0
2015-08-30,2015,8,30,JP→US,JP,US,707.0,707.0,707.0,707.0,792,2,0,0
2015-08-30,2015,8,30,KR→US,KR,US,437.0,391.0,452.38270996124544,434.4545432968311,396,1,1,1
2015-08-31,2015,8,31,JP→US,JP,US,751.0,741.0,947.9652386201667,899.3565583958617,792,2,2,1
2015-08-31,2015,8,31,KR→US,KR,US,422.0,386.0,452.53119679606766,434.54964466438895,396,1,1,1
2015-09-01,2015,9,1,JP→US,JP,US,519.0,519.0,519.0,519.0,792,2,0,0
2015-09-01,2015,9,1,KR→US,KR,US,337.0,337.0,337.0,337.0,396,1,0,0
2015-09-02,2015,9,2,JP→US,JP,US,583.0,577.0,758.8892660004453,733.1909196193701,792,2,1,1
2015-09-02,2015,9,2,KR→US,KR,US,360.0,359.0,452.3709524916557,434.4418224816688,396,1,1,1
2015-09-03,2015,9,3,JP→US,JP,US,505.0,505.0,505.0,505.0,792,2,0,0
2015-09-03,2015,9,3,KR→US,KR,US,389.0,386.0,452.516171470397,434.5348587350464,396,1,1,1
2015-09-04,2015,9,4,JP→US,JP,US,709.0,704.0,947.45907089151,898.9574390175055,792,2,2,1
2015-09-04,2015,9,4,KR→US,KR,US,382.0,382.0,382.0,382.0,396,1,0,0
2015-09-05,2015,9,5,JP→US,JP,US,528.0,528.0,528.0,528.0,792,2,0,0
2015-09-05,2015,9,5,KR→US,KR,US,333.0,333.0,333.0,333.0,396,1,0,0
2015-09-06,2015,9,6,JP→US,JP,US,665.0,663.0,787.6545785597918,764.8261821438566,792,2,1,1
2015-09-06,2015,9,6,KR→US,KR,US,336.0,332.0,452.0875110517892,434.27900392792424,396,1,1,1
2015-09-07,2015,9,7,JP→US,JP,US,668.0,665.0,947.1496276443879,898.7171365047516,792,2,2,1
2015-09-07,2015,9,7,KR→US,KR,US,381.0,373.0,452.2289046525019,434.36955343114454,396,1,1,1
2015-09-08,2015,9,8,JP→US,JP,US,590.0,585.0,792.4460427321762,766.8610876599917,792,2,1,1
2015-09-08,2015,9,8,KR→US,KR,US,331.0,324.0,452.36861277098734,434.4590549634682,396,1,1,1
2015-09-09,2015,9,9,JP→US,JP,US,551.0,551.0,551.0,551.0,792,2,0,0
2015-09-09,2015,9,9,KR→US,KR,US,373.0,364.0,452.5066423088288,434.54752043408155,396,1,1,1
2015-09-10,2015,9,10,JP→US,JP,US,527.0,527.0,527.0,527.0,792,2,0,0
2015-09-10,2015,9,10,KR→US,KR,US,360.0,360.0,360.0,360.0,396,1,0,0
2015-09-11,2015,9,11,JP→US,JP,US,728.0,720.0,946.330530409838,898.1226373313546,792,2,2,1
2015-09-11,2015,9,11,KR→US,KR,US,400.0,392.0,452.3345207719897,434.44358390414493,396,1,1,1
2015-09-12,2015,9,12,JP→US,JP,US,575.0,574.0,747.2657610295186,721.7140976092172,792,2,1,1
2015-09-12,2015,9,12,KR→US,KR,US,324.0,324.0,324.0,324.0,396,1,0,0
2015-09-13,2015,9,13,JP→US,JP,US,648.0,642.0,946.6011959613024,898.2818741695735,792,2,2,1
2015-09-13,2015,9,13,KR→US,KR,US,315.0,315.0,315.0,315.0,396,1,0,0
2015-09-14,2015,9,14,JP→US,JP,US,558.0,558.0,558.0,558.0,792,2,0,0
2015-09-14,2015,9,14,KR→US,KR,US,408.0,396.0,451.97807212841906,434.19643484998323,396,1,1,1
2015-09-15,2015,9,15,JP→US,JP,US,480.0,480.0,480.0,480.0,792,2,0,0
2015-09-15,2015,9,15,KR→US,KR,US,302.0,302.0,302.0,302.0,396,1,0,0
2015-09-16,2015,9,16,JP→US,JP,US,640.0,639.0,770.0166585049494,747.3448834467011,792,2,1,1
2015-09-16,2015,9,16,KR→US,KR,US,312.0,312.0,312.0,312.0,396,1,0,0
2015-09-17,2015,9,17,JP→US,JP,US,567.0,567.0,567.0,567.0,792,2,0,0
2015-09-17,2015,9,17,KR→US,KR,US,413.0,392.0,451.724700813797,434.0154742095522,396,1,1,1
2015-09-18,2015,9,18,JP→US,JP,US,684.0,683.0,820.9219018059434,798.2691596274581,792,2,1,1
2015-09-18,2015,9,18,KR→US,KR,US,398.0,384.0,451.85914860191815,434.1016030792433,396,1,1,1
2015-09-19,2015,9,19,JP→US,JP,US,548.0,547.0,733.1234901807798,710.3973010088777,792,2,1,1
2015-09-19,2015,9,19,KR→US,KR,US,331.0,331.0,331.0,331.0,396,1,0,0
2015-09-20,2015,9,20,JP→US,JP,US,659.0,656.0,829.322982665197,806.5241205451848,792,2,1,1
2015-09-20,2015,9,20,KR→US,KR,US,362.0,362.0,362.0,362.0,396,1,0,0
2015-09-21,2015,9,21,JP→US,JP,US,657.0,657.0,657.0,657.0,792,2,0,0
2015-09-21,2015,9,21,KR→US,KR,US,408.0,396.0,451.4328256157912,433.82877043955045,396,1,1,1
2015-09-22,2015,9,22,JP→US,JP,US,496.0,496.0,496.0,496.0,792,2,0,0
2015-09-22,2015,9,22,KR→US,KR,US,389.0,382.0,451.5644505239452,433.91307229493583,396,1,1,1
2015-09-23,2015,9,23,JP→US,JP,US,543.0,543.0,543.0,543.0,792,2,0,0
2015-09-23,2015,9,23,KR→US,KR,US,343.0,339.0,451.69459426227405,433.99645291343165,396,1,1,1
2015-09-24,2015,9,24,JP→US,JP,US,660.0,660.0,660.0,660.0,792,2,0,0
2015-09-24,2015,9,24,KR→US,KR,US,443.0,389.0,451.82326073131964,434.0789221789636,396,1,1,1
2015-09-25,2015,9,25,JP→US,JP,US,653.0,651.0,806.3927168291348,781.7797283534161,792,2,1,1
2015-09-25,2015,9,25,KR→US,KR,US,395.0,386.0,451.950469950661,434.1604898565992,396,1,1,1
2015-09-26,2015,9,26,JP→US,JP,US,509.0,509.0,509.0,509.0,792,2,0,0
2015-09-26,2015,9,26,KR→US,KR,US,382.0,372.0,452.07623646349106,434.2411655941129,396,1,1,1
2015-09-27,2015,9,27,JP→US,JP,US,643.0,641.0,781.9176998942698,759.5886688238147,792,2,1,1
2015-09-27,2015,9,27,KR→US,KR,US,334.0,334.0,334.0,334.0,396,1,0,0
2015-09-28,2015,9,28,JP→US,JP,US,645.0,645.0,645.0,645.0,792,2,0,0
2015-09-28,2015,9,28,KR→US,KR,US,389.0,387.0,451.93289442485826,434.14308457635036,396,1,1,1
2015-09-29,2015,9,29,JP→US,JP,US,552.0,552.0,552.0,552.0,792,2,0,0
2015-09-29,2015,9,29,KR→US,KR,US,353.0,351.0,452.0562266539304,434.2222281271156,396,1,1,1
2015-09-30,2015,9,30,JP→US,JP,US,528.0,528.0,528.0,528.0,792,2,0,0
2015-09-30,2015,9,30,KR→US,KR,US,325.0,325.0,325.0,325.0,396,1,0,0
2015-10-01,2015,10,1,JP→US,JP,US,533.0,531.0,740.2582095630355,715.9924949914595,792,2,1,1
2015-10-01,2015,10,1,KR→US,KR,US,371.0,369.0,451.934888134881,434.136281712456,396,1,1,1
2015-10-02,2015,10,2,JP→US,JP,US,842.0,788.0,940.4685530177798,894.0886273569706,792,2,2,1
2015-10-02,2015,10,2,KR→US,KR,US,363.0,361.0,452.05600276089166,434.2140340740837,396,1,1,1
2015-10-03,2015,10,3,JP→US,JP,US,559.0,559.0,559.0,559.0,792,2,0,0
2015-10-03,2015,10,3,KR→US,KR,US,304.0,304.0,304.0,304.0,396,1,0,0
2015-10-04,2015,10,4,JP→US,JP,US,577.0,577.0,577.0,577.0,792,2,0,0
2015-10-04,2015,10,4,KR→US,KR,US,360.0,356.0,452.0123374695705,434.1774581922068,396,1,1,1
2015-10-05,2015,10,5,JP→US,JP,US,780.0,759.0,939.7523678643568,893.5761125757194,792,2,2,1
2015-10-05,2015,10,5,KR→US,KR,US,371.0,363.0,452.1315825959795,434.25404542502446,396,1,1,1
2015-10-06,2015,10,6,JP→US,JP,US,623.0,622.0,788.2427621363388,763.953526461288,792,2,1,1
2015-10-06,2015,10,6,KR→US,KR,US,373.0,364.0,452.24950140705795,434.32981459492794,396,1,1,1
2015-10-07,2015,10,7,JP→US,JP,US,678.0,678.0,678.0,678.0,792,2,0,0
2015-10-07,2015,10,7,KR→US,KR,US,358.0,357.0,452.36610682938766,434.40477420102997,396,1,1,1
2015-10-08,2015,10,8,JP→US,JP,US,712.0,712.0,712.0,712.0,792,2,0,0
2015-10-08,2015,10,8,KR→US,KR,US,338.0,329.0,452.4814116629676,434.4789326433651,396,1,1,1
2015-10-09,2015,10,9,JP→US,JP,US,643.0,635.0,938.5799307963046,892.8416474473578,792,2,2,1
2015-10-09,2015,10,9,KR→US,KR,US,381.0,370.0,452.59542858231094,434.5523030301691,396,1,1,1
2015-10-10,2015,10,10,JP→US,JP,US,613.0,612.0,779.8150961826195,755.6934943954024,792,2,1,1
2015-10-10,2015,10,10,KR→US,KR,US,299.0,295.0,452.7081701375349,434.6248841685206,396,1,1,1
2015-10-11,2015,10,11,JP→US,JP,US,737.0,737.0,737.0,737.0,792,2,0,0
2015-10-11,2015,10,11,KR→US,KR,US,401.0,395.0,452.8196487554517,434.6966887683283,396,1,1,1
2015-10-12,2015,10,12,JP→US,JP,US,713.0,707.0,938.1567064254316,892.5973225528797,792,2,2,1
2015-10-12,2015,10,12,KR→US,KR,US,391.0,384.0,452.92988251259607,434.76772484597905,396,1,1,1
2015-10-13,2015,10,13,JP→US,JP,US,567.0,567.0,567.0,567.0,792,2,0,0
2015-10-13,2015,10,13,KR→US,KR,US,283.0,283.0,283.0,283.0,396,1,0,0
2015-10-14,2015,10,14,JP→US,JP,US,654.0,649.0,797.5365826814703,773.5206450241029,792,2,1,1
2015-10-14,2015,10,14,KR→US,KR,US,329.0,328.0,452.99909432710814,434.8087737576469,396,1,1,1
2015-10-15,2015,10,15,JP→US,JP,US,679.0,670.0,937.8405265621802,892.3624733705423,792,2,2,1
2015-10-15,2015,10,15,KR→US,KR,US,418.0,396.0,453.10790628701096,434.8789320170242,396,1,1,1
2015-10-16,2015,10,16,JP→US,JP,US,923.0,791.0,938.1827322179513,892.5805512660793,792,2,2,1
2015-10-16,2015,10,16,KR→US,KR,US,341.0,339.0,453.21550427440485,434.9483449913814,396,1,1,1
2015-10-17,2015,10,17,JP→US,JP,US,656.0,655.0,784.5261548581418,762.9825547457475,792,2,1,1
2015-10-17,2015,10,17,KR→US,KR,US,322.0,322.0,322.0,322.0,396,1,0,0
2015-10-18,2015,10,18,JP→US,JP,US,804.0,787.0,938.3598566202486,892.6838543293874,792,2,2,1
2015-10-18,2015,10,18,KR→US,KR,US,325.0,325.0,325.0,325.0,396,1,0,0
2015-10-19,2015,10,19,JP→US,JP,US,698.0,695.0,797.7979558095714,773.6791523552266,792,2,1,1
2015-10-19,2015,10,19,KR→US,KR,US,382.0,380.0,452.86807361440844,434.70914552134747,396,1,1,1
2015-10-20,2015,10,20,JP→US,JP,US,592.0,591.0,762.9464790991314,738.7741636584918,792,2,1,1
2015-10-20,2015,10,20,KR→US,KR,US,310.0,308.0,452.9744714004082,434.7777739529615,396,1,1,1
2015-10-21,2015,10,21,JP→US,JP,US,569.0,569.0,569.0,569.0,792,2,0,0
2015-10-21,2015,10,21,KR→US,KR,US,344.0,341.0,453.07969986129694,434.8456846770092,396,1,1,1
2015-10-22,2015,10,22,JP→US,JP,US,659.0,658.0,812.8624269186402,788.7064632262434,792,2,1,1
2015-10-22,2015,10,22,KR→US,KR,US,400.0,395.0,453.1837701251241,434.91288490253976,396,1,1,1
2015-10-23,2015,10,23,JP→US,JP,US,610.0,610.0,610.0,610.0,792,2,0,0
2015-10-23,2015,10,23,KR→US,KR,US,368.0,366.0,453.28669321253574,434.97938175727654,396,1,1,1
2015-10-24,2015,10,24,JP→US,JP,US,571.0,569.0,748.5013508272698,727.2868793665765,792,2,1,1
2015-10-24,2015,10,24,KR→US,KR,US,354.0,354.0,354.0,354.0,396,1,0,0
2015-10-25,2015,10,25,JP→US,JP,US,783.0,765.0,937.1124467932049,891.8074937639182,792,2,2,1
2015-10-25,2015,10,25,KR→US,KR,US,359.0,359.0,359.0,359.0,396,1,0,0
2015-10-26,2015,10,26,JP→US,JP,US,766.0,755.0,847.5742939271653,823.4978043448133,792,2,1,1
2015-10-26,2015,10,26,KR→US,KR,US,431.0,396.0,452.8447975022889,434.7021166026642,396,1,1,1
2015-10-27,2015,10,27,JP→US,JP,US,607.0,603.0,753.7189309203923,729.5903714843291,792,2,1,1
2015-10-27,2015,10,27,KR→US,KR,US,313.0,313.0,313.0,313.0,396,1,0,0
2015-10-28,2015,10,28,JP→US,JP,US,540.0,535.0,740.394258383905,719.2267041304224,792,2,1,1
2015-10-28,2015,10,28,KR→US,KR,US,365.0,365.0,365.0,365.0,396,1,0,0
2015-10-29,2015,10,29,JP→US,JP,US,694.0,687.0,813.642222292792,789.52798448253,792,2,1,1
2015-10-29,2015,10,29,KR→US,KR,US,324.0,324.0,324.0,324.0,396,1,0,0
2015-10-30,2015,10,30,JP→US,JP,US,653.0,651.0,937.0658890869654,891.7737375879003,792,2,2,1
2015-10-30,2015,10,30,KR→US,KR,US,476.0,396.0,452.2856172414256,434.3344084967517,396,1,1,1
2015-10-31,2015,10,31,JP→US,JP,US,571.0,569.0,746.9258991842152,722.7096549685806,792,2,1,1
2015-10-31,2015,10,31,KR→US,KR,US,355.0,355.0,355.0,355.0,396,1,0,0
2015-11-01,2015,11,1,JP→US,JP,US,737.0,731.0,819.0655501212339,794.7991404290958,792,2,1,1
2015-11-01,2015,11,1,KR→US,KR,US,317.0,317.0,317.0,317.0,396,1,0,0
2015-11-02,2015,11,2,JP→US,JP,US,664.0,663.0,797.9783436860986,776.9524735282843,792,2,1,1
2015-11-02,2015,11,2,KR→US,KR,US,307.0,305.0,451.9372600044563,434.1045162866357,396,1,1,1
2015-11-03,2015,11,3,JP→US,JP,US,583.0,583.0,583.0,583.0,792,2,0,0
2015-11-03,2015,11,3,KR→US,KR,US,279.0,279.0,279.0,279.0,396,1,0,0
2015-11-04,2015,11,4,JP→US,JP,US,614.0,609.0,736.9050977554906,715.8941047307936,792,2,1,1
2015-11-04,2015,11,4,KR→US,KR,US,292.0,292.0,292.0,292.0,396,1,0,0
2015-11-05,2015,11,5,JP→US,JP,US,670.0,670.0,670.0,670.0,792,2,0,0
2015-11-05,2015,11,5,KR→US,KR,US,340.0,338.0,451.9559283760194,434.1100088822575,396,1,1,1
2015-11-06,2015,11,6,JP→US,JP,US,667.0,667.0,667.0,667.0,792,2,0,0
2015-11-06,2015,11,6,KR→US,KR,US,301.0,301.0,301.0,301.0,396,1,0,0
2015-11-07,2015,11,7,JP→US,JP,US,671.0,663.0,935.2611317204335,890.5627425582625,792,2,2,1
2015-11-07,2015,11,7,KR→US,KR,US,267.0,262.0,451.93263062471175,434.0879816553307,396,1,1,1
2015-11-08,2015,11,8,JP→US,JP,US,709.0,709.0,709.0,709.0,792,2,0,0
2015-11-08,2015,11,8,KR→US,KR,US,400.0,391.0,452.03371600396935,434.1530772875632,396,1,1,1
2015-11-09,2015,11,9,JP→US,JP,US,603.0,603.0,603.0,603.0,792,2,0,0
2015-11-09,2015,11,9,KR→US,KR,US,335.0,335.0,335.0,335.0,396,1,0,0
2015-11-10,2015,11,10,JP→US,JP,US,548.0,548.0,548.0,548.0,792,2,0,0
2015-11-10,2015,11,10,KR→US,KR,US,321.0,321.0,321.0,321.0,396,1,0,0
2015-11-11,2015,11,11,JP→US,JP,US,656.0,655.0,797.1827534222466,773.5378605430546,792,2,1,1
2015-11-11,2015,11,11,KR→US,KR,US,309.0,309.0,309.0,309.0,396,1,0,0
2015-11-12,2015,11,12,JP→US,JP,US,736.0,732.0,837.6672495826983,817.0911443556832,792,2,1,1
2015-11-12,2015,11,12,KR→US,KR,US,374.0,369.0,451.55144705658387,433.82294048684713,396,1,1,1
2015-11-13,2015,11,13,JP→US,JP,US,623.0,618.0,778.0253015734214,754.4588168240485,792,2,1,1
2015-11-13,2015,11,13,KR→US,KR,US,324.0,324.0,324.0,324.0,396,1,0,0
2015-11-14,2015,11,14,JP→US,JP,US,643.0,643.0,643.0,643.0,792,2,0,0
2015-11-14,2015,11,14,KR→US,KR,US,330.0,330.0,330.0,330.0,396,1,0,0
2015-11-15,2015,11,15,JP→US,JP,US,639.0,639.0,639.0,639.0,792,2,0,0
2015-11-15,2015,11,15,KR→US,KR,US,321.0,321.0,321.0,321.0,396,1,0,0
2015-11-16,2015,11,16,JP→US,JP,US,643.0,640.0,781.0619449563286,760.6875132263633,792,2,1,1
2015-11-16,2015,11,16,KR→US,KR,US,295.0,295.0,295.0,295.0,396,1,0,0
2015-11-17,2015,11,17,JP→US,JP,US,619.0,619.0,619.0,619.0,792,2,0,0
2015-11-17,2015,11,17,KR→US,KR,US,306.0,306.0,306.0,306.0,396,1,0,0
2015-11-18,2015,11,18,JP→US,JP,US,593.0,589.0,931.9771133148939,888.393341217019,792,2,2,1
2015-11-18,2015,11,18,KR→US,KR,US,314.0,312.0,450.8124191402437,433.3158553827981,396,1,1,1
2015-11-19,2015,11,19,JP→US,JP,US,660.0,658.0,780.1560666718177,759.7368365878738,792,2,1,1
2015-11-19,2015,11,19,KR→US,KR,US,292.0,292.0,292.0,292.0,396,1,0,0
2015-11-20,2015,11,20,JP→US,JP,US,796.0,779.0,932.1519566204339,888.4959603157386,792,2,2,1
2015-11-20,2015,11,20,KR→US,KR,US,396.0,390.0,450.83705837640264,433.32717739272624,396,1,1,1
2015-11-21,2015,11,21,JP→US,JP,US,671.0,669.0,795.9664078235407,772.7407824706625,792,2,1,1
2015-11-21,2015,11,21,KR→US,KR,US,260.0,260.0,260.0,260.0,396,1,0,0
2015-11-22,2015,11,22,JP→US,JP,US,641.0,639.0,782.1018995360863,758.8273317200966,792,2,1,1
2015-11-22,2015,11,22,KR→US,KR,US,317.0,317.0,317.0,317.0,396,1,0,0
2015-11-23,2015,11,23,JP→US,JP,US,657.0,657.0,657.0,657.0,792,2,0,0
2015-11-23,2015,11,23,KR→US,KR,US,399.0,389.0,450.87824269817315,433.35550580733536,396,1,1,1
2015-11-24,2015,11,24,JP→US,JP,US,572.0,568.0,733.9265641162892,710.7141541283495,792,2,1,1
2015-11-24,2015,11,24,KR→US,KR,US,265.0,265.0,265.0,265.0,396,1,0,0
2015-11-25,2015,11,25,JP→US,JP,US,758.0,744.0,840.0596148140662,816.7991602409693,792,2,1,1
2015-11-25,2015,11,25,KR→US,KR,US,262.0,262.0,262.0,262.0,396,1,0,0
2015-11-26,2015,11,26,JP→US,JP,US,687.0,683.0,800.3687085190776,780.2187527498326,792,2,1,1
2015-11-26,2015,11,26,KR→US,KR,US,344.0,342.0,451.14919200730526,433.5423945621981,396,1,1,1
2015-11-27,2015,11,27,JP→US,JP,US,811.0,780.0,931.4163916133305,888.0089313255635,792,2,2,1
2015-11-27,2015,11,27,KR→US,KR,US,353.0,353.0,353.0,353.0,396,1,0,0
2015-11-28,2015,11,28,JP→US,JP,US,608.0,608.0,608.0,608.0,792,2,0,0
2015-11-28,2015,11,28,KR→US,KR,US,335.0,335.0,335.0,335.0,396,1,0,0
2015-11-29,2015,11,29,JP→US,JP,US,618.0,618.0,618.0,618.0,792,2,0,0
2015-11-29,2015,11,29,KR→US,KR,US,349.0,349.0,349.0,349.0,396,1,0,0
2015-11-30,2015,11,30,JP→US,JP,US,723.0,723.0,723.0,723.0,792,2,0,0
2015-11-30,2015,11,30,KR→US,KR,US,357.0,357.0,357.0,357.0,396,1,0,0
2015-12-01,2015,12,1,JP→US,JP,US,671.0,669.0,805.9824676135197,785.9645063547674,792,2,1,1
2015-12-01,2015,12,1,KR→US,KR,US,296.0,295.0,450.3522794769305,433.0319331503922,396,1,1,1
2015-12-02,2015,12,2,JP→US,JP,US,724.0,719.0,839.9238910497811,817.0629927737423,792,2,1,1
2015-12-02,2015,12,2,KR→US,KR,US,290.0,290.0,290.0,290.0,396,1,0,0
2015-12-03,2015,12,3,JP→US,JP,US,635.0,635.0,635.0,635.0,792,2,0,0
2015-12-03,2015,12,3,KR→US,KR,US,311.0,311.0,311.0,311.0,396,1,0,0
2015-12-04,2015,12,4,JP→US,JP,US,896.0,790.0,929.4704698462072,886.7474242611597,792,2,2,1
2015-12-04,2015,12,4,KR→US,KR,US,441.0,391.0,450.2322426306756,432.9443871701116,396,1,1,1
2015-12-05,2015,12,5,JP→US,JP,US,694.0,694.0,694.0,694.0,792,2,0,0
2015-12-05,2015,12,5,KR→US,KR,US,322.0,320.0,450.3347216749697,433.01007229965387,396,1,1,1
2015-12-06,2015,12,6,JP→US,JP,US,730.0,717.0,801.5998968630771,781.7252925133607,792,2,1,1
2015-12-06,2015,12,6,KR→US,KR,US,402.0,381.0,450.43630434950893,433.07519820248814,396,1,1,1
2015-12-07,2015,12,7,JP→US,JP,US,732.0,732.0,732.0,732.0,792,2,0,0
2015-12-07,2015,12,7,KR→US,KR,US,368.0,368.0,368.0,368.0,396,1,0,0
2015-12-08,2015,12,8,JP→US,JP,US,584.0,579.0,748.0630781711734,725.5232420944664,792,2,1,1
2015-12-08,2015,12,8,KR→US,KR,US,312.0,312.0,312.0,312.0,396,1,0,0
2015-12-09,2015,12,9,JP→US,JP,US,647.0,642.0,772.3711754321291,752.580044709578,792,2,1,1
2015-12-09,2015,12,9,KR→US,KR,US,322.0,319.0,450.16824127572926,432.9054987555829,396,1,1,1
2015-12-10,2015,12,10,JP→US,JP,US,815.0,758.0,928.4572455816513,886.1080447398747,792,2,2,1
2015-12-10,2015,12,10,KR→US,KR,US,341.0,341.0,341.0,341.0,396,1,0,0
2015-12-11,2015,12,11,JP→US,JP,US,815.0,784.0,928.7382375745728,886.2869019561891,792,2,2,1
2015-12-11,2015,12,11,KR→US,KR,US,400.0,390.0,450.0573784376338,432.83160401593,396,1,1,1
2015-12-12,2015,12,12,JP→US,JP,US,658.0,654.0,800.833450784472,780.8738351921488,792,2,1,1
2015-12-12,2015,12,12,KR→US,KR,US,285.0,283.0,450.15671280788933,432.8952749421794,396,1,1,1
2015-12-13,2015,12,13,JP→US,JP,US,747.0,738.0,826.9008338781906,804.4088213877465,792,2,1,1
2015-12-13,2015,12,13,KR→US,KR,US,356.0,356.0,356.0,356.0,396,1,0,0
2015-12-14,2015,12,14,JP→US,JP,US,752.0,745.0,833.7594658518244,813.8330965882861,792,2,1,1
2015-12-14,2015,12,14,KR→US,KR,US,393.0,385.0,450.0385358576062,432.8220424587395,396,1,1,1
2015-12-15,2015,12,15,JP→US,JP,US,651.0,651.0,651.0,651.0,792,2,0,0
2015-12-15,2015,12,15,KR→US,KR,US,312.0,312.0,312.0,312.0,396,1,0,0
2015-12-16,2015,12,16,JP→US,JP,US,699.0,697.0,816.6714464246318,796.7741197233952,792,2,1,1
2015-12-16,2015,12,16,KR→US,KR,US,310.0,310.0,310.0,310.0,396,1,0,0
2015-12-17,2015,12,17,JP→US,JP,US,795.0,761.0,928.0603184171522,885.8685409181373,792,2,2,1
2015-12-17,2015,12,17,KR→US,KR,US,344.0,343.0,449.8479360878618,432.6868742979341,396,1,1,1
2015-12-18,2015,12,18,JP→US,JP,US,843.0,782.0,928.3315397983406,886.0410877245098,792,2,2,1
2015-12-18,2015,12,18,KR→US,KR,US,453.0,396.0,449.9455448766431,432.7494389291378,396,1,1,1
2015-12-19,2015,12,19,JP→US,JP,US,588.0,588.0,588.0,588.0,792,2,0,0
2015-12-19,2015,12,19,KR→US,KR,US,361.0,359.0,450.0423305898623,432.81148988408074,396,1,1,1
2015-12-20,2015,12,20,JP→US,JP,US,873.0,791.0,928.1974422385157,885.9339419216759,792,2,2,1
2015-12-20,2015,12,20,KR→US,KR,US,389.0,382.0,450.1382883396453,432.8730313172341,396,1,1,1
2015-12-21,2015,12,21,JP→US,JP,US,636.0,627.0,778.0603258730955,758.0107948963638,792,2,1,1
2015-12-21,2015,12,21,KR→US,KR,US,377.0,366.0,450.2334297686137,432.93406734536194,396,1,1,1
2015-12-22,2015,12,22,JP→US,JP,US,603.0,603.0,603.0,603.0,792,2,0,0
2015-12-22,2015,12,22,KR→US,KR,US,323.0,323.0,323.0,323.0,396,1,0,0
2015-12-23,2015,12,23,JP→US,JP,US,661.0,660.0,773.0081632915052,752.9673500945382,792,2,1,1
2015-12-23,2015,12,23,KR→US,KR,US,361.0,355.0,450.1539154316974,432.8770354628473,396,1,1,1
2015-12-24,2015,12,24,JP→US,JP,US,721.0,718.0,800.1521292495097,780.0588128069646,792,2,1,1
2015-12-24,2015,12,24,KR→US,KR,US,367.0,358.0,450.2477689483185,432.93726345908277,396,1,1,1
2015-12-25,2015,12,25,JP→US,JP,US,949.0,789.0,927.7006196062423,885.5760092129891,792,2,2,1
2015-12-25,2015,12,25,KR→US,KR,US,363.0,363.0,363.0,363.0,396,1,0,0
2015-12-26,2015,12,26,JP→US,JP,US,785.0,766.0,927.9642022144922,885.743670276113,792,2,2,1
2015-12-26,2015,12,26,KR→US,KR,US,375.0,368.0,450.13165192954114,432.86844182760774,396,1,1,1
2015-12-27,2015,12,27,JP→US,JP,US,798.0,783.0,928.225762222497,885.9100578747607,792,2,2,1
2015-12-27,2015,12,27,KR→US,KR,US,404.0,389.0,450.2238439423229,432.9276121875404,396,1,1,1
2015-12-28,2015,12,28,JP→US,JP,US,808.0,784.0,928.4853134330067,886.0751816242888,792,2,2,1
2015-12-28,2015,12,28,KR→US,KR,US,376.0,375.0,450.3152585898694,432.98630198994863,396,1,1,1
2015-12-29,2015,12,29,JP→US,JP,US,687.0,682.0,799.8564867283241,779.5062564452642,792,2,1,1
2015-12-29,2015,12,29,KR→US,KR,US,306.0,306.0,306.0,306.0,396,1,0,0
2015-12-30,2015,12,30,JP→US,JP,US,762.0,747.0,928.6174017986867,886.156223122048,792,2,2,1
2015-12-30,2015,12,30,KR→US,KR,US,340.0,335.0,450.28537969132606,432.96114374012546,396,1,1,1
2015-12-31,2015,12,31,JP→US,JP,US,696.0,692.0,800.7408879265699,778.6374993367513,792,2,1,1
2015-12-31,2015,12,31,KR→US,KR,US,333.0,333.0,333.0,333.0,396,1,0,0
